{
    "红球和值自相关": {
        "lag_0": 1.0,
        "lag_1": -0.03591561421560719,
        "lag_2": -0.014483538849586568,
        "lag_3": -0.0056681323160444235,
        "lag_4": -0.022025834179266846,
        "lag_5": 0.029855050765696726,
        "lag_6": -0.03579889423821007,
        "lag_7": 0.047089966686472765,
        "lag_8": -0.11477491417527352,
        "lag_9": -0.09574446423642273,
        "lag_10": 0.0006992888658464774,
        "lag_11": -0.041561747552308625,
        "lag_12": 0.017247062827798924,
        "lag_13": 0.05218082471914069,
        "lag_14": 0.027242217911079503,
        "lag_15": -0.08699095552999823,
        "lag_16": -0.04472961865138506,
        "lag_17": -0.014686047583067277,
        "lag_18": 0.06207804953277053,
        "lag_19": 0.028397655666988892,
        "lag_20": -0.08174545389926917,
        "lag_21": -0.12460491408213606,
        "lag_22": -0.024286988799328467,
        "lag_23": 0.079233306199748,
        "lag_24": 0.06396541351650654,
        "lag_25": 0.04433935629922057,
        "lag_26": -0.11795937117853286,
        "lag_27": 0.031126520050617446,
        "lag_28": -0.07924648836058866,
        "lag_29": 0.041360862397655775,
        "lag_30": 0.10356275320701276,
        "lag_31": -0.01905394770982169,
        "lag_32": -0.07593137760776981,
        "lag_33": 0.03664790222815596,
        "lag_34": -0.028052055052673452,
        "lag_35": -0.049392029060231775,
        "lag_36": 0.01841699322017512,
        "lag_37": 0.01549302802367346,
        "lag_38": 0.0012751092967851234,
        "lag_39": -0.017630461685618957,
        "lag_40": 0.0632989374795438,
        "lag_41": 0.04730713382316807,
        "lag_42": 0.051561118797511095,
        "lag_43": 0.08458039133896023,
        "lag_44": -0.20943412160591862,
        "lag_45": 0.06665265660709632,
        "lag_46": 0.058236899300775316,
        "lag_47": 0.072941764744367,
        "lag_48": -0.0626785737086405,
        "lag_49": -0.03690794148440042,
        "lag_50": 0.048691208809063295
    },
    "蓝球自相关": {
        "lag_0": 1.0,
        "lag_1": -0.06720736933182,
        "lag_2": -0.0371620865459731,
        "lag_3": -0.020914744796436405,
        "lag_4": -0.014360256653509408,
        "lag_5": 0.06211879009264588,
        "lag_6": 0.0189746318686447,
        "lag_7": 0.040816317579287845,
        "lag_8": -0.11360958198116734,
        "lag_9": 0.04161177308571816,
        "lag_10": -0.03416655898577035,
        "lag_11": -0.014448230069732976,
        "lag_12": 0.04657165553454311,
        "lag_13": -0.006376585691292482,
        "lag_14": 0.015439873309590551,
        "lag_15": -0.08455311291098613,
        "lag_16": 0.021895468566909403,
        "lag_17": 0.003528978423335094,
        "lag_18": -0.011083604816595887,
        "lag_19": 0.04898424623241045,
        "lag_20": -0.02389819657879054,
        "lag_21": 0.01490334812470498,
        "lag_22": -0.05391895630189549,
        "lag_23": 0.13792512942153826,
        "lag_24": -0.039606949661538125,
        "lag_25": 0.04983558655837468,
        "lag_26": -0.015447405457401392,
        "lag_27": -0.0034975309254646376,
        "lag_28": 0.03097196937861537,
        "lag_29": -0.024007662645701918,
        "lag_30": -0.04903715232440434
    },
    "显著周期": [
        [
            8,
            -0.11477491417527352
        ],
        [
            21,
            -0.12460491408213606
        ],
        [
            26,
            -0.11795937117853286
        ],
        [
            30,
            0.10356275320701276
        ],
        [
            44,
            -0.20943412160591862
        ]
    ],
    "号码间隔统计": {
        "红球1": {
            "平均间隔": 5.192982456140351,
            "最小间隔": 1,
            "最大间隔": 25,
            "间隔标准差": 4.8826172033119875
        },
        "红球2": {
            "平均间隔": 4.6875,
            "最小间隔": 1,
            "最大间隔": 24,
            "间隔标准差": 4.49956595128908
        },
        "红球3": {
            "平均间隔": 5.067796610169491,
            "最小间隔": 1,
            "最大间隔": 19,
            "间隔标准差": 4.539336197196122
        },
        "红球4": {
            "平均间隔": 6.25531914893617,
            "最小间隔": 1,
            "最大间隔": 48,
            "间隔标准差": 7.708707663046652
        },
        "红球5": {
            "平均间隔": 6.083333333333333,
            "最小间隔": 1,
            "最大间隔": 22,
            "间隔标准差": 5.49936865063214
        },
        "红球6": {
            "平均间隔": 5.192982456140351,
            "最小间隔": 1,
            "最大间隔": 24,
            "间隔标准差": 5.027777565217682
        },
        "红球7": {
            "平均间隔": 5.068965517241379,
            "最小间隔": 1,
            "最大间隔": 23,
            "间隔标准差": 4.704590820880641
        },
        "红球8": {
            "平均间隔": 4.95,
            "最小间隔": 1,
            "最大间隔": 18,
            "间隔标准差": 4.0183952020676115
        },
        "红球9": {
            "平均间隔": 4.833333333333333,
            "最小间隔": 1,
            "最大间隔": 18,
            "间隔标准差": 3.352445210423116
        },
        "红球10": {
            "平均间隔": 4.95,
            "最小间隔": 1,
            "最大间隔": 19,
            "间隔标准差": 4.059659263205883
        },
        "红球11": {
            "平均间隔": 5.423076923076923,
            "最小间隔": 1,
            "最大间隔": 22,
            "间隔标准差": 5.028175054500213
        },
        "红球12": {
            "平均间隔": 5.755102040816326,
            "最小间隔": 1,
            "最大间隔": 23,
            "间隔标准差": 4.604924658671046
        },
        "红球13": {
            "平均间隔": 5.509433962264151,
            "最小间隔": 1,
            "最大间隔": 23,
            "间隔标准差": 4.989130228238011
        },
        "红球14": {
            "平均间隔": 5.8,
            "最小间隔": 1,
            "最大间隔": 24,
            "间隔标准差": 5.106858133921482
        },
        "红球15": {
            "平均间隔": 6.5,
            "最小间隔": 1,
            "最大间隔": 33,
            "间隔标准差": 6.254563551311259
        },
        "红球16": {
            "平均间隔": 5.5,
            "最小间隔": 1,
            "最大间隔": 34,
            "间隔标准差": 5.436698658900666
        },
        "红球17": {
            "平均间隔": 4.5396825396825395,
            "最小间隔": 1,
            "最大间隔": 17,
            "间隔标准差": 3.7789113945408106
        },
        "红球18": {
            "平均间隔": 4.9655172413793105,
            "最小间隔": 1,
            "最大间隔": 31,
            "间隔标准差": 4.930431600473139
        },
        "红球19": {
            "平均间隔": 5.60377358490566,
            "最小间隔": 1,
            "最大间隔": 21,
            "间隔标准差": 4.857748615265467
        },
        "红球20": {
            "平均间隔": 5.090909090909091,
            "最小间隔": 1,
            "最大间隔": 18,
            "间隔标准差": 4.461034235049199
        },
        "红球21": {
            "平均间隔": 5.96,
            "最小间隔": 1,
            "最大间隔": 33,
            "间隔标准差": 5.3327666365593
        },
        "红球22": {
            "平均间隔": 4.417910447761194,
            "最小间隔": 1,
            "最大间隔": 23,
            "间隔标准差": 4.168643623964777
        },
        "红球23": {
            "平均间隔": 6.195652173913044,
            "最小间隔": 1,
            "最大间隔": 26,
            "间隔标准差": 5.1525408051350965
        },
        "红球24": {
            "平均间隔": 6.166666666666667,
            "最小间隔": 1,
            "最大间隔": 21,
            "间隔标准差": 4.95955867212217
        },
        "红球25": {
            "平均间隔": 4.9491525423728815,
            "最小间隔": 1,
            "最大间隔": 17,
            "间隔标准差": 3.8988208943937566
        },
        "红球26": {
            "平均间隔": 5.54,
            "最小间隔": 1,
            "最大间隔": 17,
            "间隔标准差": 4.725293641669267
        },
        "红球27": {
            "平均间隔": 5.051724137931035,
            "最小间隔": 1,
            "最大间隔": 20,
            "间隔标准差": 4.304858577488462
        },
        "红球28": {
            "平均间隔": 7.325,
            "最小间隔": 1,
            "最大间隔": 34,
            "间隔标准差": 7.0227754484961284
        },
        "红球29": {
            "平均间隔": 6.560975609756097,
            "最小间隔": 1,
            "最大间隔": 43,
            "间隔标准差": 7.622331697820572
        },