{
    "模型准确率": 0.054180790960451974,
    "交叉验证分数": [
        0.016666666666666666,
        0.06779661016949153,
        0.03389830508474576,
        0.0847457627118644,
        0.06779661016949153
    ],
    "特征重要性": {
        "前5期红球和值": 0.050701890941450924,
        "前5期红球方差": 0.05903348843903634,
        "前5期红球跨度": 0.03757215853791452,
        "前5期蓝球": 0.04471228559120105,
        "前4期红球和值": 0.05246402188218144,
        "前4期红球方差": 0.06195749621445439,
        "前4期红球跨度": 0.046487836198630145,
        "前4期蓝球": 0.04337555329344371,
        "前3期红球和值": 0.05459528490004751,
        "前3期红球方差": 0.053188450796846046,
        "前3期红球跨度": 0.04215770002823401,
        "前3期蓝球": 0.04925056755441478,
        "前2期红球和值": 0.0576220056354887,
        "前2期红球方差": 0.05451505360612947,
        "前2期红球跨度": 0.039326711328715194,
        "前2期蓝球": 0.049661191569451694,
        "前1期红球和值": 0.06505800307979763,
        "前1期红球方差": 0.05010558221614634,
        "前1期红球跨度": 0.04497159985014444,
        "前1期蓝球": 0.04324311833627176
    },
    "训练样本数": 296
}