{
    "红球热号": {
        "2": 0.2159468438538206,
        "1": 0.19269102990033224,
        "6": 0.19269102990033224,
        "9": 0.2026578073089701,
        "3": 0.19933554817275748,
        "7": 0.19601328903654486,
        "8": 0.2026578073089701,
        "10": 0.2026578073089701,
        "17": 0.21262458471760798,
        "22": 0.22591362126245848,
        "18": 0.19601328903654486,
        "20": 0.18604651162790697,
        "25": 0.19933554817275748,
        "27": 0.19601328903654486,
        "30": 0.19601328903654486,
        "32": 0.18604651162790697,
        "33": 0.1893687707641196
    },
    "红球冷号": {
        "5": 0.16279069767441862,
        "4": 0.15946843853820597,
        "16": 0.1760797342192691,
        "12": 0.16611295681063123,
        "11": 0.1760797342192691,
        "13": 0.17940199335548174,
        "15": 0.15614617940199335,
        "14": 0.16943521594684385,
        "19": 0.17940199335548174,
        "21": 0.16943521594684385,
        "24": 0.16279069767441862,
        "23": 0.15614617940199335,
        "26": 0.16943521594684385,
        "28": 0.1362126245847176,
        "29": 0.13953488372093023,
        "31": 0.14950166112956811
    },
    "蓝球热号": {
        "4": 0.08305647840531562,
        "11": 0.08637873754152824,
        "16": 0.07973421926910298,
        "1": 0.0664451827242525,
        "3": 0.07641196013289037,
        "15": 0.08305647840531562
    },
    "蓝球冷号": {
        "6": 0.05647840531561462,
        "7": 0.053156146179401995,
        "5": 0.05647840531561462,
        "14": 0.053156146179401995,
        "9": 0.046511627906976744,
        "12": 0.05647840531561462,
        "10": 0.053156146179401995,
        "13": 0.05647840531561462,
        "2": 0.04318936877076412,
        "8": 0.04983388704318937
    },
    "平均红球频率": 0.18181818181818182,
    "平均蓝球频率": 0.0625
}