{
    "间隔分析": [
        {
            "间隔期数": 5,
            "红球重复次数": 347,
            "蓝球重复次数": 22,
            "总比较次数": 296,
            "红球重复率": 0.19538288288288289,
            "蓝球重复率": 0.07432432432432433
        },
        {
            "间隔期数": 10,
            "红球重复次数": 303,
            "蓝球重复次数": 16,
            "总比较次数": 291,
            "红球重复率": 0.17353951890034364,
            "蓝球重复率": 0.054982817869415807
        },
        {
            "间隔期数": 50,
            "红球重复次数": 281,
            "蓝球重复次数": 22,
            "总比较次数": 251,
            "红球重复率": 0.18658698539176627,
            "蓝球重复率": 0.08764940239043825
        },
        {
            "间隔期数": 100,
            "红球重复次数": 239,
            "蓝球重复次数": 11,
            "总比较次数": 201,
            "红球重复率": 0.19817578772802655,
            "蓝球重复率": 0.05472636815920398
        }
    ],
    "分析说明": "分析不同期数间隔的号码重复情况"
}