{
    "红球转移概率": {
        "1": {
            "2": {
                "4": 0.4,
                "5": 0.2,
                "2": 0.2,
                "1": 0.2
            },
            "4": {
                "1": 0.4,
                "15": 0.2,
                "6": 0.2,
                "2": 0.2
            },
            "1": {
                "9": 0.2,
                "1": 0.6,
                "11": 0.2
            },
            "9": {
                "3": 1.0
            },
            "3": {
                "3": 0.2,
                "7": 0.2,
                "4": 0.4,
                "2": 0.2
            },
            "7": {
                "3": 1.0
            },
            "15": {
                "6": 1.0
            },
            "6": {
                "3": 0.3333333333333333,
                "4": 0.3333333333333333,
                "2": 0.3333333333333333
            },
            "11": {
                "5": 1.0
            },
            "5": {
                "6": 0.5,
                "3": 0.5
            }
        },
        "2": {
            "4": {
                "15": 0.25,
                "12": 0.25,
                "10": 0.25,
                "7": 0.25
            },
            "15": {
                "11": 1.0
            },
            "11": {
                "10": 1.0
            },
            "10": {
                "10": 0.25,
                "5": 0.5,
                "7": 0.25
            },
            "5": {
                "10": 0.5,
                "7": 0.5
            },
            "7": {
                "12": 0.4,
                "6": 0.2,
                "4": 0.4
            },
            "12": {
                "18": 0.3333333333333333,
                "6": 0.6666666666666666
            },
            "18": {
                "7": 1.0
            },
            "6": {
                "17": 0.25,
                "7": 0.25,
                "14": 0.25,
                "4": 0.25
            },
            "17": {
                "9": 1.0
            },
            "9": {
                "7": 1.0
            },
            "14": {
                "8": 1.0
            },
            "8": {
                "6": 1.0
            }
        },
        "3": {
            "21": {
                "23": 1.0
            },
            "23": {
                "13": 1.0
            },
            "13": {
                "20": 0.4,
                "16": 0.2,
                "10": 0.2,
                "11": 0.2
            },
            "20": {
                "12": 0.3333333333333333,
                "10": 0.3333333333333333,
                "7": 0.3333333333333333
            },
            "12": {
                "13": 0.5,
                "11": 0.5
            },
            "16": {
                "15": 1.0
            },
            "15": {
                "22": 1.0
            },
            "22": {
                "20": 0.5,
                "12": 0.5
            },
            "10": {
                "18": 0.5,
                "10": 0.25,
                "14": 0.25
            },
            "18": {
                "8": 0.5,
                "13": 0.5
            },
            "8": {
                "22": 1.0
            },
            "11": {
                "13": 0.5,
                "14": 0.5
            },
            "7": {
                "13": 1.0
            },
            "14": {
                "14": 0.5,
                "9": 0.5
            },
            "9": {
                "10": 1.0
            }
        },
        "4": {
            "23": {
                "30": 0.3333333333333333,
                "14": 0.3333333333333333,
                "20": 0.3333333333333333
            },
            "30": {
                "24": 1.0
            },
            "24": {
                "24": 0.6666666666666666,
                "15": 0.3333333333333333
            },
            "15": {
                "19": 0.25,
                "23": 0.25,
                "18": 0.25,
                "11": 0.25
            },
            "19": {
                "16": 0.3333333333333333,
                "28": 0.3333333333333333,
                "14": 0.3333333333333333
            },
            "16": {
                "28": 1.0
            },
            "28": {
                "22": 0.5,
                "19": 0.5
            },
            "22": {
                "15": 1.0
            },
            "14": {
                "27": 0.3333333333333333,
                "17": 0.3333333333333333,
                "23": 0.3333333333333333
            },
            "27": {
                "15": 1.0
            },
            "18": {
                "18": 0.3333333333333333,
                "25": 0.3333333333333333,
                "16": 0.3333333333333333
            },
            "25": {
                "14": 1.0
            },
            "17": {
                "19": 1.0
            },
            "20": {
                "15": 1.0
            },
            "11": {
                "18": 1.0
            }
        },
        "5": {
            "30": {
                "32": 0.25,
                "15": 0.25,
                "31": 0.25,
                "18": 0.25
            },
            "32": {
                "26": 1.0
            },
            "26": {
                "25": 0.3333333333333333,
                "21": 0.3333333333333333,
                "20": 0.3333333333333333
            },
            "25": {
                "29": 0.5,
                "23": 0.5
            },
            "29": {
                "17": 0.3333333333333333,
                "26": 0.3333333333333333,
                "27": 0.3333333333333333
            },
            "17": {
                "24": 1.0
            },
            "24": {
                "19": 1.0
            },
            "19": {
                "29": 1.0
            },
            "21": {
                "30": 1.0
            },
            "15": {
                "28": 1.0
            },
            "28": {
                "26": 1.0
            },
            "20": {
                "30": 0.5,
                "12": 0.5
            },
            "31": {
                "30": 0.3333333333333333,
                "31": 0.3333333333333333,
                "25": 0.3333333333333333
            },
            "18": {
                "31": 1.0
            },
            "23": {
                "29": 1.0
            },
            "27": {
                "20": 0.5,
                "18": 0.5
            },
            "12": {
                "27": 1.0
            }
        },
        "6": {
            "33": {
                "33": 0.3333333333333333,
                "31": 0.16666666666666666,
                "30": 0.16666666666666666,
                "32": 0.16666666666666666,
                "25": 0.16666666666666666
            },
            "31": {
                "26": 0.3333333333333333,
                "25": 0.3333333333333333,
                "22": 0.3333333333333333
            },
            "26": {
                "30": 0.5,
                "25": 0.5
            },
            "30": {
                "31": 0.3333333333333333,
                "27": 0.3333333333333333,
                "32": 0.3333333333333333
            },
            "25": {
                "29": 0.25,
                "33": 0.5,
                "24": 0.25
            },
            "29": {
                "30": 0.5,
                "25": 0.5
            },
            "27": {
                "27": 0.5,
                "33": 0.5
            },
            "32": {
                "31": 0.2,
                "32": 0.4,
                "25": 0.2,
                "26": 0.2
            },
            "22": {
                "32": 1.0
            },
            "24": {
                "29": 1.0
            }
        }
    },
    "蓝球转移概率": {
        "9": {
            "3": 0.2,
            "9": 0.2,
            "16": 0.2,
            "7": 0.2,
            "12": 0.2
        },
        "3": {
            "13": 0.16666666666666666,