{
    "红球概率分布": {
        "平均概率": 0.18181818181818182,
        "概率标准差": 0.021565976585516376,
        "最高概率": 0.22591362126245848,
        "最低概率": 0.1362126245847176,
        "概率分布": {
            "2": 0.2159468438538206,
            "5": 0.16279069767441862,
            "1": 0.19269102990033224,
            "6": 0.19269102990033224,
            "4": 0.15946843853820597,
            "9": 0.2026578073089701,
            "3": 0.19933554817275748,
            "16": 0.1760797342192691,
            "7": 0.19601328903654486,
            "8": 0.2026578073089701,
            "12": 0.16611295681063123,
            "10": 0.2026578073089701,
            "11": 0.1760797342192691,
            "13": 0.17940199335548174,
            "15": 0.15614617940199335,
            "14": 0.16943521594684385,
            "17": 0.21262458471760798,
            "22": 0.22591362126245848,
            "19": 0.17940199335548174,
            "21": 0.16943521594684385,
            "18": 0.19601328903654486,
            "20": 0.18604651162790697,
            "24": 0.16279069767441862,
            "25": 0.19933554817275748,
            "23": 0.15614617940199335,
            "26": 0.16943521594684385,
            "28": 0.1362126245847176,
            "27": 0.19601328903654486,
            "30": 0.19601328903654486,
            "29": 0.13953488372093023,
            "31": 0.14950166112956811,
            "32": 0.18604651162790697,
            "33": 0.1893687707641196
        }
    },
    "蓝球概率分布": {
        "平均概率": 0.0625,
        "概率标准差": 0.013958369558354077,
        "最高概率": 0.08637873754152824,
        "最低概率": 0.04318936877076412,
        "概率分布": {
            "6": 0.05647840531561462,
            "7": 0.053156146179401995,
            "5": 0.05647840531561462,
            "4": 0.08305647840531562,
            "11": 0.08637873754152824,
            "16": 0.07973421926910298,
            "1": 0.0664451827242525,
            "14": 0.053156146179401995,
            "9": 0.046511627906976744,
            "3": 0.07641196013289037,
            "12": 0.05647840531561462,
            "10": 0.053156146179401995,
            "13": 0.05647840531561462,
            "2": 0.04318936877076412,
            "8": 0.04983388704318937,
            "15": 0.08305647840531562
        }
    }
}