{
    "红球概率分布": {
        "平均概率": 0.18181818181818185,
        "概率标准差": 0.008779631320675062,
        "最高概率": 0.1995654872749845,
        "最低概率": 0.16511483550589695,
        "概率分布": {
            "2": 0.186219739292365,
            "10": 0.18590937306021105,
            "3": 0.18156424581005587,
            "1": 0.19211669770328987,
            "5": 0.17908131595282434,
            "6": 0.1877715704531347,
            "4": 0.1787709497206704,
            "9": 0.18280571073867163,
            "16": 0.17535692116697704,
            "7": 0.1893234016139044,
            "8": 0.18435754189944134,
            "12": 0.17970204841713222,
            "11": 0.1765983860955928,
            "13": 0.18156424581005587,
            "15": 0.17256362507759157,
            "14": 0.1995654872749845,
            "17": 0.18963376784605834,
            "22": 0.1952203600248293,
            "21": 0.17101179391682184,
            "19": 0.18653010552451893,
            "18": 0.18839230291744258,
            "20": 0.191495965238982,
            "24": 0.16945996275605213,
            "26": 0.1961514587212911,
            "23": 0.17256362507759157,
            "25": 0.1765983860955928,
            "28": 0.16511483550589695,
            "29": 0.16977032898820607,
            "27": 0.18808193668528864,
            "30": 0.17939168218497828,
            "31": 0.17256362507759157,
            "32": 0.18808193668528864,
            "33": 0.16666666666666666
        }
    },
    "蓝球概率分布": {
        "平均概率": 0.0625,
        "概率标准差": 0.003464573847666773,
        "最高概率": 0.06797020484171322,
        "最低概率": 0.056797020484171325,
        "概率分布": {
            "8": 0.05803848541278709,
            "15": 0.0670391061452514,
            "13": 0.05834885164494103,
            "11": 0.06610800744878957,
            "5": 0.05990068280571074,
            "7": 0.06207324643078833,
            "6": 0.06300434512725016,
            "4": 0.06052141527001862,
            "16": 0.06797020484171322,
            "1": 0.06734947237740534,
            "14": 0.06393544382371198,
            "9": 0.06269397889509622,
            "3": 0.0633147113594041,
            "12": 0.06455617628801986,
            "10": 0.056797020484171325,
            "2": 0.05834885164494103
        }
    }
}