{
    "红球概率分布": {
        "平均概率": 0.18181818181818185,
        "概率标准差": 0.008859184973814306,
        "最高概率": 0.19699248120300752,
        "最低概率": 0.16451127819548872,
        "概率分布": {
            "8": 0.18586466165413534,
            "6": 0.1906766917293233,
            "4": 0.1774436090225564,
            "2": 0.18646616541353384,
            "10": 0.1849624060150376,
            "3": 0.18165413533834587,
            "1": 0.19338345864661655,
            "5": 0.17894736842105263,
            "9": 0.18345864661654135,
            "16": 0.1750375939849624,
            "7": 0.18947368421052632,
            "12": 0.18015037593984962,
            "11": 0.17533834586466165,
            "13": 0.17984962406015037,
            "15": 0.17533834586466165,
            "14": 0.19699248120300752,
            "17": 0.19218045112781956,
            "22": 0.19428571428571428,
            "21": 0.17112781954887218,
            "19": 0.1843609022556391,
            "18": 0.18917293233082708,
            "20": 0.19037593984962406,
            "24": 0.16962406015037593,
            "26": 0.19548872180451127,
            "23": 0.17142857142857143,
            "25": 0.17593984962406015,
            "28": 0.1657142857142857,
            "29": 0.17112781954887218,
            "27": 0.18766917293233082,
            "30": 0.18045112781954886,
            "31": 0.17142857142857143,
            "32": 0.1900751879699248,
            "33": 0.16451127819548872
        }
    },
    "蓝球概率分布": {
        "平均概率": 0.0625,
        "概率标准差": 0.0034963921868666824,
        "最高概率": 0.06827067669172933,
        "最低概率": 0.05714285714285714,
        "概率分布": {
            "5": 0.06075187969924812,
            "14": 0.06345864661654135,
            "15": 0.06766917293233082,
            "8": 0.057443609022556394,
            "13": 0.05834586466165414,
            "11": 0.0649624060150376,
            "7": 0.06255639097744362,
            "6": 0.06315789473684211,
            "4": 0.060451127819548874,
            "16": 0.06766917293233082,
            "1": 0.06827067669172933,
            "9": 0.06315789473684211,
            "3": 0.06195488721804511,
            "12": 0.06466165413533835,
            "10": 0.05714285714285714,
            "2": 0.05834586466165414
        }
    }
}