{
    "红球和值": {
        "平均值": 100.0265780730897,
        "标准差": 20.681536643055587,
        "最小值": "41",
        "最大值": "148",
        "中位数": 100.0
    },
    "红球方差": {
        "平均值": 94.71384274640089,
        "标准差": 38.48528507103582,
        "最小值": 15.76666666666667,
        "最大值": 213.36666666666665,
        "中位数": 90.7
    },
    "红球跨度": {
        "平均值": 24.498338870431894,
        "标准差": 4.659488229922258,
        "最小值": "11",
        "最大值": "32",
        "中位数": 25.0
    }
}