{
    "红球和值": {
        "平均值": 101.09869646182496,
        "标准差": 21.169681671713796,
        "最小值": "29",
        "最大值": "172",
        "中位数": 101.0
    },
    "红球方差": {
        "平均值": 93.20291744258225,
        "标准差": 38.17913649620689,
        "最小值": 6.8,
        "最大值": 221.9,
        "中位数": 91.76666666666668
    },
    "红球跨度": {
        "平均值": 24.234326505276226,
        "标准差": 4.836028615389461,
        "最小值": "7",
        "最大值": "32",
        "中位数": 25.0
    }
}