{
    "红球和值": {
        "平均值": 101.04541353383459,
        "标准差": 21.188059315758675,
        "最小值": "29",
        "最大值": "172",
        "中位数": 101.0
    },
    "红球方差": {
        "平均值": 93.26867167919801,
        "标准差": 38.20365966198834,
        "最小值": 6.8,
        "最大值": 221.9,
        "中位数": 91.76666666666668
    },
    "红球跨度": {
        "平均值": 24.2393984962406,
        "标准差": 4.830192310956994,
        "最小值": "7",
        "最大值": "32",
        "中位数": 25.0
    }
}